band,mean_abs_effect
delta,2376.2625
beta,319.80783
theta,173.63527
alpha,57.549477
